rad,p_estacao,p_mar,pmax,pmin,t_seco,tmax,tmin,t_orvalho,tomax,tomin,prec,urar,urmax,urmin,ventodir,rajada,ventovel
813.145,1009.6858333333333,1010.3858333333334,1015.8,1002.3,24.87,33.2,20.3,20.321666666666665,23.7,17.8,19.0,76.41666666666667,89.0,51.0,184.16666666666666,13.9,3.145
956.5172619047619,1009.1958333333333,1009.8958333333334,1015.0,1003.9,26.616666666666667,34.6,21.3,21.59285714285714,25.2,17.8,55.0,74.73809523809524,91.0,41.0,163.99404761904762,12.4,2.1869047619047617
988.5357142857143,1016.1226190476191,1016.8440476190475,1022.3,1007.7,24.93452380952381,31.5,18.8,17.574404761904763,24.2,10.4,1.4,64.57738095238095,88.0,37.0,176.17261904761904,14.8,2.505952380952381
912.6904761904761,1011.0035714285715,1011.7142857142857,1016.5,1007.7,24.049404761904764,32.0,17.2,18.66547619047619,21.7,13.8,50.0,73.19642857142857,91.0,41.0,167.5952380952381,11.3,2.0916666666666663
855.7035714285715,1011.7375,1012.4375,1016.5,1007.1,25.492857142857144,32.6,21.6,20.85654761904762,23.8,17.0,15.799999999999999,76.11309523809524,89.0,52.0,197.9702380952381,13.1,1.9577380952380952
667.4863095238095,1014.4678571428572,1015.1702380952381,1018.4,1007.2,25.236309523809524,30.0,21.5,21.553571428571427,24.2,17.5,159.4,80.60119047619048,92.0,52.0,152.7202380952381,13.6,1.9422619047619047
854.2130952380952,1015.507142857143,1016.2333333333333,1019.3,1009.7,24.192261904761907,31.6,17.9,18.448214285714286,23.4,14.9,3.8000000000000003,71.23214285714286,90.0,47.0,175.79166666666666,10.4,2.0136904761904764
846.8011904761905,1012.6166666666667,1013.3339285714286,1020.8,1005.7,25.097619047619045,32.3,15.8,18.95654761904762,25.0,9.1,1.8,69.47619047619048,90.0,38.0,168.8452380952381,14.5,2.656547619047619
906.8142857142857,1014.8642857142858,1015.5928571428572,1022.0,1004.9,23.414285714285715,29.3,16.4,17.126785714285717,22.1,8.4,29.0,69.06547619047619,92.0,29.0,179.58928571428572,14.8,2.093452380952381
814.2666666666667,1017.0160714285715,1017.7595238095239,1022.6,1012.7,23.005357142857143,28.5,17.3,17.736309523809524,20.8,13.1,24.0,73.08928571428571,91.0,44.0,179.23809523809524,10.4,2.1083333333333334
1019.1011904761905,1015.4636904761904,1016.1738095238096,1017.9,1010.2,25.827380952380953,32.1,19.5,19.692857142857143,22.8,15.5,0.4,70.33333333333333,90.0,40.0,168.4702380952381,10.6,2.1202380952380953
717.1678571428571,1012.4857142857143,1013.1934523809524,1019.4,1004.7,24.70357142857143,32.1,18.0,19.929166666666667,23.2,13.8,12.6,75.58928571428571,91.0,48.0,188.51785714285714,13.1,2.0880952380952382
813.757738095238,1017.8107142857143,1018.5404761904762,1022.1,1014.0,24.264285714285716,30.7,19.3,17.77916666666667,21.6,12.7,2.6,68.42261904761905,89.0,35.0,154.83333333333334,9.2,1.6666666666666667
747.875,1012.6922619047618,1013.4041666666666,1017.8,1004.1,24.475,32.1,16.5,17.583928571428572,22.9,7.1,0.4,67.32738095238095,90.0,28.0,197.63095238095238,11.7,2.0678571428571426
758.8428571428572,1016.6636904761905,1017.4345238095239,1020.8,1012.0,20.32916666666667,27.1,12.1,13.477976190476191,19.2,5.1,9.8,66.22619047619048,93.0,31.0,195.73809523809524,12.9,2.1577380952380953
758.0035714285715,1017.8386904761904,1018.6017857142857,1025.5,1003.8,20.538095238095238,28.0,11.3,13.2625,18.9,3.0,2.0,65.33333333333333,90.0,23.0,208.70238095238096,9.8,1.6357142857142857
743.5059523809524,1018.5333333333334,1019.2797619047619,1022.6,1014.9,22.29583333333333,29.0,15.7,17.113690476190477,20.8,13.1,0.2,73.99404761904762,92.0,39.0,190.7202380952381,13.3,1.6678571428571427
512.175,1019.1553571428572,1019.9232142857143,1026.1,1013.3,22.15892857142857,29.7,14.2,16.598214285714285,21.3,9.3,2.8000000000000003,71.57738095238095,90.0,42.0,163.76190476190476,12.2,2.0333333333333337
517.8107142857143,1018.1232142857143,1018.9047619047619,1025.9,1008.4,19.0,26.3,10.7,13.411904761904761,18.7,5.9,2.8,71.42857142857143,91.0,40.0,205.6547619047619,12.2,1.7613095238095238
513.7255952380953,1016.3964285714286,1017.1708333333333,1022.4,1008.9,19.386904761904763,28.4,10.4,14.204166666666667,19.5,3.1,6.2,73.5297619047619,93.0,30.0,205.73809523809524,11.3,1.4779761904761906
456.5571428571429,1016.8732142857143,1017.6297619047618,1025.8,1005.6,20.55,26.6,12.2,15.095833333333333,20.9,5.5,5.0,72.58928571428571,92.0,28.0,224.5297619047619,11.0,1.5339285714285713
582.6113095238095,1015.5744047619048,1016.3559523809523,1021.8,1006.3,16.967261904761905,29.1,8.4,10.525595238095239,15.6,2.8,0.4,68.9702380952381,94.0,24.0,214.13095238095238,12.1,1.3398809523809523
317.89101796407186,1018.8730538922155,1019.6640718562874,1026.2,1010.8,18.141916167664668,25.1,11.9,13.360479041916166,20.7,5.3,67.0,74.95209580838323,93.0,40.0,181.32934131736528,12.5,1.7377245508982035
370.52261904761906,1015.4083333333334,1016.1869047619048,1029.9,1009.1,19.15416666666667,29.5,12.3,15.508333333333335,20.8,5.9,19.400000000000002,80.19047619047619,93.0,48.0,207.17261904761904,14.0,1.8261904761904764
379.7446428571428,1020.0154761904762,1020.7910714285714,1030.5,1013.0,20.60238095238095,33.0,13.6,16.01666666666667,18.5,6.1,5.800000000000001,76.86904761904762,93.0,26.0,223.67261904761904,10.4,1.544047619047619
420.25178571428575,1016.555357142857,1017.332738095238,1025.1,1006.5,18.35,29.5,10.8,13.196428571428571,19.8,5.3,10.6,73.48214285714286,93.0,29.0,210.48214285714286,15.3,2.1904761904761907
384.1714285714286,1015.4619047619047,1016.2488095238094,1025.6,996.2,15.795833333333333,23.4,7.7,9.716666666666667,17.6,2.3,23.2,69.08928571428571,92.0,29.0,229.3452380952381,25.6,2.0035714285714286
288.94850299401196,1015.4359281437125,1016.2275449101796,1022.9,1004.8,16.52814371257485,23.0,8.4,12.909580838323354,18.1,4.7,58.6,80.19760479041916,93.0,38.0,206.26347305389223,13.1,1.6664670658682634
491.11556886227544,1021.3646706586826,1022.1634730538922,1027.6,1011.3,16.382035928143715,23.7,8.1,12.192215568862276,17.2,5.6,20.8,76.91616766467065,92.0,54.0,187.20359281437126,10.2,1.8778443113772456
472.83809523809526,1017.9220238095238,1018.7005952380953,1027.1,1012.2,18.926190476190477,28.6,12.5,14.582738095238096,18.1,8.2,0.4,77.30952380952381,93.0,39.0,208.17261904761904,12.8,1.4523809523809523
413.1672619047619,1023.9958333333333,1024.7958333333333,1030.8,1012.8,15.885714285714286,24.0,6.0,11.451785714285714,16.4,2.7,15.2,75.77380952380952,94.0,50.0,187.0952380952381,13.1,1.9994047619047617
676.0964285714285,1025.3994047619049,1026.1976190476191,1029.3,1018.4,18.548809523809524,24.7,12.4,14.41904761904762,17.0,11.4,0.6000000000000001,78.21428571428571,94.0,47.0,195.60119047619048,10.1,1.5505952380952381
349.3395209580838,1013.9502994011976,1014.740119760479,1019.8,1006.2,17.835329341317365,25.2,13.8,14.374251497005988,17.5,8.6,84.2,80.74251497005989,93.0,54.0,188.52694610778443,16.8,2.125748502994012
397.95238095238096,1020.707738095238,1021.5041666666667,1029.4,1007.2,14.995238095238093,21.7,6.3,10.2375,17.2,-3.4,22.6,74.32738095238095,93.0,37.0,196.29166666666666,12.8,2.1053571428571427
798.9988095238094,1018.602380952381,1019.3892857142857,1026.2,1008.9,18.34702380952381,25.9,10.6,13.988095238095237,18.9,9.6,1.7999999999999998,76.88690476190476,94.0,48.0,206.0654761904762,14.8,2.1220238095238093
318.54285714285714,1020.972619047619,1021.7666666666667,1030.0,1010.3,17.95714285714286,25.1,14.4,15.272619047619049,19.4,11.5,14.200000000000001,84.6547619047619,93.0,64.0,172.39880952380952,12.8,2.575595238095238
451.82142857142856,1016.5886904761904,1017.367261904762,1020.6,1010.9,20.09285714285714,27.3,15.9,17.139285714285716,19.8,14.4,100.0,83.9702380952381,94.0,50.0,185.10714285714286,10.8,1.9297619047619048
463.9922619047619,1017.1035714285714,1017.8892857142857,1026.9,1009.4,18.95952380952381,26.2,14.5,14.108928571428573,20.2,1.0,11.2,74.39880952380952,93.0,35.0,203.41666666666666,16.8,2.175595238095238
675.0541666666667,1019.5666666666667,1020.3404761904762,1027.3,1003.9,19.120238095238093,27.9,9.2,13.00297619047619,20.0,1.3,4.6,68.98809523809524,92.0,32.0,203.4404761904762,11.1,1.7297619047619048
495.31726190476195,1014.4375,1015.1892857142857,1025.8,1003.3,21.154761904761905,31.1,14.9,17.23452380952381,21.5,8.9,60.2,79.23809523809524,92.0,42.0,195.9702380952381,13.9,2.6625
550.1696428571429,1014.7541666666667,1015.5357142857143,1021.4,1008.2,19.478571428571428,24.0,13.7,15.702976190476189,19.8,8.5,24.0,79.60714285714286,93.0,47.0,174.04166666666666,13.2,2.4327380952380953
883.652380952381,1018.0797619047619,1018.8565476190475,1024.6,1012.3,20.442261904761907,25.8,14.6,15.054166666666665,18.5,11.3,1.0,71.88690476190476,91.0,47.0,176.66666666666666,11.9,2.35
853.8720238095239,1016.5714285714286,1017.3119047619048,1022.5,1009.8,22.902380952380952,27.4,19.6,18.929166666666667,21.1,16.0,28.2,78.82142857142857,91.0,57.0,138.0297619047619,11.9,2.1351190476190474
886.5684523809524,1013.0726190476191,1013.8208333333333,1023.4,1001.8,21.29702380952381,29.5,15.0,16.035119047619048,20.9,10.0,46.0,72.98214285714286,91.0,31.0,167.9345238095238,12.9,2.681547619047619
1022.6208333333333,1017.4488095238095,1018.2255952380953,1020.7,1013.6,19.883928571428573,27.2,12.9,13.2625,17.9,4.6,7.6000000000000005,66.79761904761905,90.0,33.0,174.20833333333334,13.1,2.0767857142857142
682.9571428571429,1012.8499999999999,1013.5714285714286,1018.6,1005.9,23.15357142857143,30.8,19.4,19.773214285714285,22.8,16.4,59.4,81.91666666666667,92.0,55.0,152.49404761904762,10.0,1.6327380952380952
816.8191616766467,1013.5443113772454,1014.2964071856287,1019.8,1005.1,21.0562874251497,28.2,14.6,15.852694610778444,22.7,10.8,16.6,73.02994011976048,90.0,47.0,185.88023952095807,15.5,2.3706586826347302
942.5857142857143,1017.1011904761905,1017.8154761904761,1021.8,1010.0,24.676785714285714,30.2,19.3,19.623214285714283,22.4,15.7,9.8,74.10119047619048,91.0,51.0,142.8095238095238,12.7,2.3898809523809526
628.2119047619047,1013.8589285714285,1014.5880952380952,1021.6,1002.5,23.029761904761905,30.2,18.2,18.50595238095238,22.5,11.7,116.2,76.89880952380952,92.0,34.0,168.83928571428572,13.5,2.4267857142857143
1009.8130952380952,1012.7779761904762,1013.5035714285715,1019.2,1005.2,23.870833333333334,30.6,18.5,19.585714285714285,23.4,16.5,30.400000000000002,77.89880952380952,93.0,48.0,160.36904761904762,14.7,2.0267857142857144
783.4964285714285,1010.179761904762,1010.8857142857142,1014.7,1003.4,24.226190476190474,30.2,19.8,20.386309523809523,22.9,15.5,108.6,79.79761904761905,92.0,57.0,168.89285714285714,13.8,2.0648809523809524
657.0761904761905,1014.5059523809524,1015.2232142857143,1017.1,1008.9,23.42202380952381,28.4,19.2,18.39345238095238,22.5,13.9,57.2,74.18452380952381,92.0,47.0,169.45833333333334,12.3,1.8196428571428571
854.577380952381,1012.039880952381,1012.7523809523809,1017.5,1004.1,24.625,32.3,18.4,19.1375,23.6,14.4,8.0,72.72619047619048,92.0,42.0,171.78571428571428,10.5,1.8452380952380953
960.5833333333334,1010.8654761904761,1011.5684523809524,1015.5,1005.0,26.1625,32.4,20.4,20.433333333333334,25.6,11.1,31.8,72.20833333333333,90.0,27.0,166.6845238095238,9.7,1.5672619047619047
878.1660714285714,1012.354761904762,1013.0619047619048,1018.9,1002.8,26.047619047619047,32.3,21.1,21.55297619047619,24.5,17.4,76.2,76.91666666666667,92.0,48.0,135.67857142857142,13.3,2.511904761904762
259.0791666666667,1016.2785714285714,1017.0321428571428,1020.9,1005.1,22.535714285714285,27.2,19.5,20.041071428571428,23.0,15.8,230.6,86.22619047619048,93.0,60.0,196.14285714285714,12.3,1.5767857142857142
564.514880952381,1008.9755952380953,1009.6755952380952,1013.6,1003.5,25.323809523809523,33.1,21.6,21.82202380952381,24.1,17.5,51.6,81.69047619047619,93.0,41.0,199.85119047619048,10.1,1.4083333333333332
1007.8910714285715,1009.9803571428572,1010.6857142857143,1014.5,1004.2,25.594047619047622,33.6,17.8,19.961309523809526,25.2,9.2,43.400000000000006,72.67857142857143,92.0,29.0,175.89285714285714,10.7,1.850595238095238
921.1767857142858,1013.3261904761904,1014.0386904761905,1016.9,1004.6,24.386309523809523,32.4,19.5,19.354761904761904,23.2,15.0,72.4,74.61309523809524,92.0,45.0,187.54166666666666,14.0,1.7101190476190478
1076.4238095238095,1009.3720238095239,1010.075,1017.2,1003.9,24.645238095238092,32.3,19.2,18.27916666666667,22.6,8.2,14.2,69.58333333333333,91.0,22.0,210.125,8.9,1.5708333333333333
657.9988095238095,1014.735119047619,1015.4476190476191,1019.0,1009.6,24.291666666666668,32.8,19.6,19.948809523809523,22.8,15.8,123.4,77.63690476190476,91.0,49.0,185.64880952380952,12.0,1.931547619047619
651.910119047619,1010.6767857142858,1011.3815476190476,1016.8,1002.0,24.06845238095238,30.6,19.4,20.354166666666668,23.6,15.7,195.2,80.75,93.0,50.0,182.33333333333334,9.3,1.1339285714285714
900.9220238095238,1012.2035714285715,1012.9154761904762,1016.0,1007.8,24.333928571428572,30.1,17.3,18.975595238095238,23.8,14.2,125.4,73.07738095238095,93.0,42.0,177.51785714285714,14.0,1.5095238095238095
755.8934523809525,1013.7464285714285,1014.4571428571428,1019.5,1006.6,25.56011904761905,31.4,20.2,20.627380952380953,23.6,15.4,2.4000000000000004,74.73214285714286,90.0,54.0,172.1904761904762,11.6,1.7886904761904763
622.1482142857143,1014.402380952381,1015.102380952381,1018.6,1008.3,25.27857142857143,30.5,21.1,20.91488095238095,23.4,17.6,15.4,77.4702380952381,92.0,52.0,187.29166666666666,11.4,1.6327380952380952
662.5910714285715,1014.3839285714286,1015.1083333333333,1021.1,1008.8,22.752380952380953,28.0,17.1,16.952380952380953,22.8,10.3,12.0,71.1547619047619,92.0,36.0,205.88690476190476,12.2,1.5470238095238094
618.7065476190476,1017.8904761904762,1018.6351190476191,1023.3,1007.8,23.336904761904762,30.7,18.5,19.070238095238096,22.2,14.5,23.6,78.08928571428571,92.0,44.0,188.89880952380952,9.8,1.0857142857142859
565.625,1016.7285714285714,1017.4696428571428,1021.7,1008.9,22.564880952380953,27.4,17.5,17.08214285714286,21.6,12.4,1.2000000000000002,72.06547619047619,90.0,42.0,193.8154761904762,13.7,1.5625
569.027380952381,1016.95,1017.7172619047619,1021.4,1009.6,21.09107142857143,26.5,16.9,17.154761904761905,20.6,14.0,53.6,78.89285714285714,91.0,54.0,193.00595238095238,12.6,1.4166666666666667
683.9636904761904,1019.4732142857143,1020.2464285714285,1025.8,1012.5,20.30595238095238,27.0,14.7,14.678571428571429,19.4,6.8,1.4000000000000001,71.54761904761905,92.0,37.0,190.99404761904762,8.5,1.3434523809523808
489.7059523809524,1019.8738095238094,1020.6529761904762,1028.4,1012.4,19.395238095238096,28.0,11.7,14.983928571428573,20.6,7.3,33.6,76.67261904761905,92.0,39.0,200.35714285714286,11.4,1.456547619047619
440.26190476190476,1020.0726190476191,1020.8702380952382,1024.8,1014.9,17.722619047619048,24.1,10.4,14.054166666666665,18.5,6.9,35.6,80.07142857142857,93.0,39.0,202.64285714285714,11.1,1.0642857142857143
525.0392857142857,1013.7291666666666,1014.5005952380952,1019.4,1004.0,19.251190476190477,28.5,12.2,13.464880952380952,18.7,-1.5,22.0,71.95238095238095,91.0,17.0,220.22619047619048,12.1,1.2214285714285713
449.177380952381,1014.7416666666667,1015.5267857142857,1021.5,1002.8,16.520238095238096,25.2,8.9,11.0625,18.6,2.4,25.8,72.19642857142857,93.0,29.0,224.92857142857142,9.9,1.2660714285714285
470.7392857142857,1017.5607142857143,1018.3428571428572,1022.6,1011.0,19.183928571428574,25.3,11.3,15.047023809523811,19.8,9.7,0.6000000000000001,77.69047619047619,94.0,52.0,187.88095238095238,14.9,1.3833333333333333
360.2568862275449,1019.3574850299402,1020.1532934131737,1024.4,1013.4,17.982035928143713,23.9,10.2,14.886826347305389,19.7,5.7,137.6,83.06586826347305,94.0,40.0,184.82634730538922,9.8,1.2131736526946106
290.87083333333334,1021.4535714285715,1022.2535714285715,1026.3,1017.4,15.539880952380951,22.4,10.0,11.526785714285714,15.9,5.5,109.2,77.98809523809524,94.0,48.0,199.0297619047619,11.8,1.4583333333333333
381.0345238095238,1018.7565476190476,1019.5529761904761,1026.6,1010.7,17.57202380952381,25.5,11.8,14.47857142857143,18.5,10.5,3.6,82.60714285714286,93.0,58.0,225.69642857142858,14.0,1.2601190476190476
463.0305389221557,1024.0862275449101,1024.88622754491,1029.4,1017.2,13.721556886227544,22.4,6.2,8.603592814371257,15.1,-1.3,49.6,73.34730538922156,93.0,33.0,213.31736526946108,12.2,1.4365269461077845
488.67261904761904,1022.3380952380952,1023.1339285714286,1027.1,1016.8,16.96011904761905,25.5,11.4,13.304761904761904,17.1,7.3,10.200000000000001,80.38095238095238,94.0,32.0,202.89285714285714,6.9,0.763095238095238
429.68095238095236,1017.367261904762,1018.1607142857143,1023.7,1010.7,17.98095238095238,25.8,10.5,13.122619047619047,17.3,-8.5,3.8,76.20833333333333,93.0,16.0,206.8154761904762,12.0,1.6773809523809524
599.3565476190475,1022.617857142857,1023.4166666666666,1029.8,1013.7,15.118452380952382,23.0,7.1,9.681547619047619,16.3,-5.9,0.2,72.41071428571429,94.0,25.0,197.36904761904762,10.8,1.4011904761904763
513.7472392638037,1022.1141104294479,1022.9092024539877,1032.1,1008.5,13.691411042944784,26.2,4.0,7.566871165644172,16.5,-6.6,8.0,69.03680981595092,92.0,23.0,211.66871165644173,12.3,1.5
456.82797619047625,1027.0184523809523,1027.8172619047618,1031.2,1018.7,16.807142857142857,23.8,9.5,13.954166666666667,17.8,8.0,11.8,83.80357142857143,94.0,55.0,171.20238095238096,10.9,1.2815476190476192
399.31666666666666,1021.7541666666667,1022.5541666666667,1028.0,1013.7,16.086904761904762,23.4,12.0,12.908333333333333,17.8,6.4,29.6,81.88095238095238,94.0,62.0,183.52380952380952,14.5,2.0922619047619047
545.614880952381,1016.055357142857,1016.8380952380952,1021.0,1010.0,19.35892857142857,28.3,14.8,15.588095238095239,18.3,9.6,1.0,80.38095238095238,94.0,34.0,169.6845238095238,12.7,1.625
361.6470238095238,1016.0107142857142,1016.7892857142857,1028.2,1004.8,18.219047619047622,24.6,12.1,14.62797619047619,18.3,8.8,5.4,80.14285714285714,94.0,58.0,186.17857142857142,13.1,1.6666666666666667
556.2238095238096,1019.4517857142857,1020.2410714285714,1027.3,1010.5,19.385119047619046,28.3,14.6,15.624404761904762,18.4,13.1,15.4,79.55357142857143,93.0,46.0,186.49404761904762,12.3,1.8494047619047618
518.925,1016.0327380952381,1016.8178571428571,1021.3,1008.6,19.54047619047619,25.4,14.0,15.838690476190477,19.8,7.7,49.0,79.94047619047619,92.0,48.0,171.89285714285714,12.3,1.4892857142857143
364.68690476190477,1017.6154761904761,1018.3851190476191,1028.8,1006.6,19.244642857142857,25.3,14.1,15.868452380952382,20.2,8.9,50.8,81.32738095238095,93.0,59.0,197.91071428571428,15.3,1.6339285714285714
667.9982142857143,1018.3458333333334,1019.1238095238094,1024.5,1008.0,19.514285714285716,26.4,14.0,14.688690476190475,20.2,6.7,6.4,74.61309523809524,93.0,46.0,184.57738095238096,13.9,1.8125
515.3535714285714,1014.0309523809525,1014.7952380952381,1020.6,1004.4,20.827380952380953,27.1,17.0,17.176190476190477,19.5,15.0,59.0,80.07738095238095,92.0,53.0,170.72619047619048,11.7,1.8672619047619048
329.76130952380953,1017.3684523809524,1018.1654761904762,1021.1,1008.3,18.160119047619048,22.7,15.6,13.976190476190476,19.1,9.3,43.0,77.11309523809524,92.0,55.0,185.35714285714286,13.0,1.7767857142857142
425.0952380952381,1014.7029761904762,1015.4672619047619,1021.6,1004.6,20.196428571428573,25.0,15.8,17.29047619047619,20.3,12.6,100.4,83.70833333333333,93.0,61.0,139.36904761904762,12.0,1.7875
759.4869047619047,1016.367857142857,1017.1416666666667,1023.6,1001.9,19.09464285714286,26.2,14.8,14.379761904761907,18.3,9.8,14.8,75.20238095238095,93.0,50.0,185.70238095238096,14.8,1.7815476190476192
712.6333333333333,1020.5107142857142,1021.2910714285714,1025.4,1016.2,21.017261904761906,29.1,14.1,16.70595238095238,19.9,8.0,96.0,77.69047619047619,93.0,34.0,150.48214285714286,13.0,0.7613095238095239
785.2946428571429,1013.805357142857,1014.5404761904762,1019.8,1008.9,22.229761904761904,27.3,18.4,18.66785714285714,20.5,14.2,32.6,80.85714285714286,93.0,54.0,154.05357142857142,11.9,1.3779761904761905
586.7988095238095,1018.7672619047619,1019.5577380952382,1023.4,1014.5,19.648214285714285,25.4,15.3,14.618452380952382,17.5,11.2,8.0,73.64880952380952,92.0,47.0,171.20238095238096,10.1,0.3392857142857143
801.2785714285714,1014.6428571428571,1015.4017857142857,1018.9,1009.2,21.423809523809524,26.7,15.3,16.870833333333334,19.8,12.6,71.39999999999999,76.14285714285714,92.0,52.0,167.76190476190476,12.8,1.4845238095238096
902.5458333333333,1009.7202380952381,1010.4416666666667,1019.0,999.2,23.120238095238093,31.0,17.5,17.791071428571428,21.9,13.2,20.4,72.60119047619048,91.0,43.0,181.10119047619048,15.6,1.8696428571428574
794.0291666666666,1011.479761904762,1012.2047619047619,1018.8,998.7,23.007738095238096,31.8,18.1,17.54404761904762,22.1,12.9,31.6,72.20238095238095,91.0,42.0,172.92857142857142,12.0,1.8196428571428571
907.6547619047619,1014.1755952380952,1014.922619047619,1021.1,1003.7,21.995833333333334,27.9,16.6,16.529761904761905,22.0,11.7,46.4,71.95238095238095,92.0,46.0,178.375,10.9,2.026190476190476
859.0,1012.4988095238094,1013.2029761904762,1019.1,1007.5,24.670238095238098,29.3,20.9,19.823214285714286,23.8,11.2,10.6,75.38095238095238,92.0,37.0,136.27380952380952,11.3,1.9821428571428572
1108.107142857143,1010.8922619047619,1011.6029761904762,1016.9,1005.0,24.06904761904762,28.8,17.3,17.33214285714286,21.0,11.8,0.6000000000000001,66.8452380952381,86.0,40.0,176.97619047619048,15.5,2.4535714285714283
999.4458333333333,1010.7404761904761,1011.4440476190476,1017.0,1005.3,24.794047619047618,30.8,17.9,19.107142857142858,23.2,12.3,0.6000000000000001,71.51785714285714,91.0,43.0,169.17857142857142,12.5,1.4833333333333332
726.1833333333334,1011.0065476190476,1011.7267857142857,1018.4,1001.6,24.180357142857144,32.1,19.3,19.482142857142858,24.2,13.2,10.200000000000001,75.76190476190476,91.0,45.0,194.85119047619048,13.3,1.9214285714285715
868.0238095238095,1013.820238095238,1014.5238095238095,1020.3,1007.5,25.336904761904766,32.6,20.2,20.361309523809524,24.3,17.7,1.0,74.63690476190476,91.0,52.0,182.17857142857142,12.9,1.6964285714285714
1161.6720238095238,1012.8684523809524,1013.5684523809524,1016.7,1006.7,28.302976190476187,34.8,23.0,22.04345238095238,24.4,17.8,0.0,69.67261904761905,87.0,44.0,146.79166666666666,12.6,2.013095238095238
795.8589285714285,1010.7958333333333,1011.5095238095239,1013.6,1004.1,25.154761904761905,32.2,18.5,20.330357142857142,24.1,15.3,16.6,75.39880952380952,91.0,50.0,158.36904761904762,14.6,2.3904761904761904
943.3648809523809,1010.0970238095238,1010.7970238095238,1015.5,1002.9,26.10535714285714,34.8,20.7,21.395833333333332,24.4,17.4,24.0,76.11904761904762,91.0,48.0,159.74404761904762,12.1,1.7416666666666667
1113.4178571428572,1013.1083333333333,1013.819642857143,1015.1,1007.0,24.85,30.3,18.8,18.023214285714285,21.1,13.9,25.2,66.82142857142857,91.0,42.0,157.23214285714286,11.7,1.8601190476190477
901.8083333333333,1012.0154761904762,1012.7363095238096,1016.6,1008.0,24.110714285714284,31.5,17.4,18.03214285714286,23.1,11.3,11.6,70.5,90.0,33.0,182.92261904761904,11.7,1.4886904761904762
796.8988095238095,1014.0583333333333,1014.7601190476191,1017.1,1010.0,26.405952380952378,32.4,20.7,21.424404761904764,24.2,16.2,10.4,74.96428571428571,90.0,45.0,173.39880952380952,11.4,1.5285714285714287
805.6184523809524,1011.3595238095238,1012.0595238095239,1014.8,1006.1,26.654166666666665,32.9,22.3,22.279761904761905,25.1,20.0,77.6,77.73809523809524,91.0,51.0,175.8095238095238,11.0,1.5446428571428572
602.457738095238,1012.4041666666666,1013.1232142857143,1017.7,1006.7,24.907738095238095,32.1,20.0,21.09107142857143,25.0,15.6,120.2,79.93452380952381,92.0,56.0,185.42261904761904,13.6,1.8482142857142858
668.0035714285715,1013.8589285714285,1014.5755952380953,1022.2,1007.8,23.867261904761904,32.9,19.7,19.68154761904762,24.2,13.4,20.2,77.97619047619048,92.0,51.0,176.86904761904762,13.2,1.793452380952381
558.4541666666667,1014.2392857142858,1014.9749999999999,1024.8,1005.7,22.632142857142856,30.8,18.2,18.23392857142857,22.7,12.0,21.2,77.25,91.0,32.0,192.19642857142858,10.3,1.4910714285714286
516.8345238095238,1018.0208333333334,1018.7809523809525,1025.0,1007.9,21.652380952380952,28.9,15.7,16.588690476190475,21.5,3.4,7.6000000000000005,73.95238095238095,91.0,32.0,196.89880952380952,15.6,1.6619047619047618
534.0934523809524,1014.9000000000001,1015.6273809523809,1018.1,1011.4,22.927380952380954,27.4,18.9,19.479166666666668,22.2,17.6,4.8,81.2797619047619,93.0,62.0,192.66666666666666,9.9,1.3505952380952382
473.5297619047619,1014.570238095238,1015.3166666666667,1022.1,1007.1,21.248214285714283,27.7,13.2,15.751785714285715,22.0,3.0,8.200000000000001,72.00595238095238,92.0,31.0,198.38095238095238,15.1,1.6738095238095236
622.7797619047619,1014.7386904761905,1015.4892857142858,1021.7,998.7,20.692857142857143,27.6,13.8,15.788690476190476,19.5,11.6,2.4,74.73214285714286,93.0,37.0,197.54761904761904,9.8,1.0761904761904764
450.1458333333333,1015.9672619047619,1016.7142857142857,1023.8,1009.6,22.586309523809526,35.0,17.1,18.133333333333333,21.9,12.1,13.0,76.76785714285714,91.0,37.0,209.66071428571428,18.3,1.8398809523809525
400.67499999999995,1017.7119047619047,1018.4982142857143,1025.2,1008.0,19.074404761904763,25.5,12.1,14.949404761904763,18.8,8.9,104.2,78.45833333333333,93.0,37.0,188.4047619047619,13.6,1.7958333333333332
484.5952380952381,1016.757738095238,1017.5345238095238,1022.9,1008.4,19.626190476190477,25.7,14.2,15.435119047619047,19.6,10.5,3.4000000000000004,77.71428571428571,93.0,47.0,210.10714285714286,9.6,1.1363095238095238
542.802380952381,1015.8553571428572,1016.6511904761904,1024.4,1002.3,16.242261904761904,23.3,8.2,8.410714285714286,17.4,0.1,0.6000000000000001,62.25595238095238,94.0,32.0,220.33928571428572,17.9,1.9482142857142857
413.87619047619046,1018.272619047619,1019.055357142857,1023.7,1007.3,19.25654761904762,26.1,13.3,15.810714285714285,18.6,11.7,15.799999999999999,81.38690476190476,94.0,46.0,210.8452380952381,10.7,0.7809523809523808
219.03473053892216,1019.0383233532933,1019.8383233532934,1025.8,1010.5,15.377245508982035,20.3,11.0,11.960479041916168,16.2,7.0,23.4,80.59880239520957,93.0,60.0,210.79640718562874,11.8,1.5946107784431138
324.1654761904762,1016.5785714285715,1017.3785714285715,1021.0,1012.2,16.39107142857143,21.2,4.7,12.873214285714285,17.8,-2.2,28.400000000000002,81.25595238095238,93.0,27.0,207.29761904761904,13.3,0.9952380952380951
433.5654761904762,1018.7797619047619,1019.5767857142857,1025.2,1003.6,15.999404761904762,22.1,8.3,12.176190476190476,17.3,6.8,4.4,78.93452380952381,93.0,50.0,217.5297619047619,11.8,1.3380952380952382
298.36071428571427,1018.3363095238095,1019.1351190476191,1026.0,1011.7,17.24047619047619,23.2,12.6,14.227380952380951,18.4,9.3,55.199999999999996,83.06547619047619,94.0,49.0,203.57142857142858,11.5,1.2154761904761904
470.08502994011974,1018.0083832335329,1018.8065868263474,1024.4,1009.3,16.79640718562874,22.9,8.4,13.085029940119759,18.0,6.6,0.0,79.55089820359281,94.0,44.0,194.46706586826346,9.9,1.2377245508982035
469.4565476190476,1018.4345238095239,1019.2196428571428,1026.5,1012.8,19.535714285714285,29.8,15.7,15.604761904761904,17.8,10.2,0.0,79.55357142857143,94.0,30.0,188.32738095238096,9.3,1.4345238095238095
245.24821428571425,1014.8684523809524,1015.639880952381,1026.2,1004.6,18.32202380952381,25.8,14.6,14.354166666666666,19.1,7.4,18.8,78.5,93.0,45.0,211.83928571428572,15.3,1.5178571428571428
459.10178571428577,1020.0654761904761,1020.8559523809523,1027.0,1014.1,18.598809523809525,25.5,13.3,14.787500000000001,18.7,10.4,0.0,79.11309523809524,94.0,56.0,227.67857142857142,9.4,1.3785714285714286
569.9678571428572,1016.9970238095239,1017.7827380952381,1023.7,1003.4,17.98452380952381,30.4,9.1,12.991071428571429,17.9,3.5,11.2,74.60714285714286,94.0,34.0,184.9702380952381,14.0,1.4220238095238096
435.8285714285714,1016.4077380952381,1017.1940476190476,1022.9,1006.0,17.754166666666666,23.9,11.0,13.767261904761906,17.4,9.4,33.2,78.35119047619048,94.0,50.0,208.36904761904762,13.3,1.619047619047619
368.8255952380953,1020.8660714285714,1021.664880952381,1027.1,1014.8,16.811904761904763,24.2,11.7,13.904761904761905,17.0,8.6,154.2,83.63690476190476,93.0,57.0,192.17261904761904,16.2,1.6208333333333333
505.7958333333333,1018.835119047619,1019.6184523809524,1033.7,1004.5,16.433928571428574,22.8,6.4,11.773214285714285,18.1,-2.7,33.8,75.26190476190476,92.0,30.0,191.74404761904762,14.8,1.7202380952380953
593.3982142857143,1021.4071428571428,1022.1970238095239,1027.5,1011.3,18.385714285714286,24.8,13.0,14.727380952380951,17.7,8.4,6.6,80.11904761904762,93.0,51.0,189.78571428571428,15.5,1.4113095238095237
669.1833333333334,1023.7434523809524,1024.539880952381,1032.0,1011.8,16.02559523809524,23.3,6.6,9.897619047619047,17.3,1.2,2.2,68.08333333333333,92.0,37.0,194.01785714285714,12.1,1.9934523809523808
504.68333333333334,1018.5767857142857,1019.3613095238096,1029.2,1005.4,17.992261904761904,33.6,10.0,14.001190476190475,20.1,6.1,33.8,78.79166666666667,93.0,37.0,190.78571428571428,16.0,1.6666666666666667
600.7664670658683,1020.2119760479042,1021.0095808383234,1027.6,1011.6,17.068263473053893,24.4,12.5,13.325149700598804,17.7,7.1,48.0,79.41916167664671,92.0,44.0,206.36526946107784,10.1,1.4269461077844312
766.2154761904761,1015.2892857142857,1016.0738095238095,1022.3,1004.8,17.860119047619047,26.3,8.8,11.81547619047619,18.1,0.0,15.0,70.02380952380952,92.0,24.0,204.71428571428572,11.1,1.5851190476190478
643.802380952381,1019.9892857142858,1020.7827380952381,1025.8,1012.6,18.55595238095238,25.8,14.2,13.847619047619048,18.2,7.6,10.0,74.83928571428571,93.0,44.0,191.64285714285714,12.0,1.9797619047619048
668.0601190476191,1013.6142857142858,1014.3904761904762,1020.4,1002.1,18.85,25.5,12.8,14.382738095238096,18.7,8.1,21.8,76.1547619047619,92.0,38.0,177.36309523809524,14.8,2.031547619047619
333.4583333333333,1020.2208333333334,1021.0136904761904,1028.3,1011.8,18.575,25.0,12.8,16.09642857142857,19.8,9.9,148.0,85.85714285714286,93.0,60.0,173.79166666666666,13.8,1.5726190476190476
816.2607142857142,1014.3446428571428,1015.1053571428572,1021.9,1002.9,21.20714285714286,29.6,16.7,17.28035714285714,20.5,14.4,28.4,79.05952380952381,92.0,49.0,176.22619047619048,11.0,1.711904761904762
893.672619047619,1011.9755952380953,1012.7113095238095,1019.6,998.8,22.942857142857143,33.6,16.3,16.961309523809526,21.8,10.7,3.0,70.57738095238095,91.0,31.0,178.51785714285714,14.4,1.7988095238095236
880.6553571428572,1021.4690476190475,1022.2565476190476,1028.7,1002.8,18.5,25.5,12.3,11.977380952380953,20.5,5.6,4.2,66.67857142857143,88.0,42.0,192.67857142857142,15.8,2.325
990.6541666666666,1015.9875,1016.7470238095239,1022.9,1009.1,20.78035714285714,27.9,12.6,15.401785714285714,20.3,10.5,6.800000000000001,72.30357142857143,91.0,44.0,174.98809523809524,11.1,1.7797619047619047
1165.7232142857142,1015.2720238095238,1016.0059523809524,1020.2,1003.9,23.113690476190477,30.2,14.3,15.057738095238093,22.2,4.3,3.4,63.19642857142857,91.0,21.0,167.7202380952381,10.6,1.8863095238095238
663.5428571428571,1014.5821428571428,1015.3130952380952,1018.8,1009.1,22.84047619047619,28.2,18.6,18.675595238095237,21.9,13.9,69.8,77.94047619047619,92.0,50.0,148.625,13.1,2.6726190476190474
714.4589285714286,1009.8922619047619,1010.6011904761905,1018.2,1005.1,23.880357142857143,29.7,19.8,20.9,23.4,16.8,103.6,83.77380952380952,92.0,62.0,118.89880952380952,11.2,1.8720238095238095
974.9053571428572,1010.202380952381,1010.9047619047619,1014.0,1005.7,24.85535714285714,30.1,18.8,20.549404761904764,23.7,17.2,33.2,77.58928571428571,92.0,54.0,163.39880952380952,10.6,1.831547619047619
864.0428571428572,1010.2202380952381,1010.9428571428571,1016.7,998.9,23.254761904761907,37.0,17.1,16.597619047619048,24.4,10.1,40.0,67.57142857142857,90.0,30.0,179.89285714285714,16.9,1.2958333333333332
795.054761904762,1015.9785714285714,1016.7357142857143,1018.3,1012.4,21.9625,28.0,17.7,18.005357142857143,20.9,13.9,292.0,79.48809523809524,93.0,48.0,173.36309523809524,10.1,0.4505952380952381
999.8446428571428,1013.0744047619048,1013.7874999999999,1017.5,1005.0,24.010119047619046,32.0,15.9,18.948809523809523,22.7,8.9,72.4,74.7797619047619,93.0,29.0,166.0654761904762,15.7,0.9369047619047619
927.1624999999999,1014.3869047619048,1015.1130952380952,1022.7,1004.5,23.825595238095236,29.6,17.6,18.373809523809523,23.0,13.3,7.8,72.26190476190476,89.0,43.0,181.8452380952381,12.2,1.2863095238095237
1025.1958333333332,1011.2690476190477,1011.9755952380953,1019.0,1004.0,25.551190476190477,32.5,19.0,20.30595238095238,23.8,14.1,38.0,73.88690476190476,92.0,42.0,157.53571428571428,13.0,1.6892857142857143
758.2714285714286,1012.632738095238,1013.332738095238,1018.5,1004.0,25.75297619047619,31.1,21.3,21.46607142857143,23.9,17.6,50.8,78.04166666666667,92.0,46.0,158.26190476190476,9.6,1.5291666666666666
1079.8880952380953,1010.9535714285715,1011.6547619047619,1014.7,1006.3,26.886904761904763,34.3,19.2,20.47142857142857,23.9,16.6,4.2,69.20833333333333,89.0,41.0,189.61904761904762,12.7,1.713690476190476
850.2964285714285,1009.1636904761905,1009.8636904761905,1012.6,1004.1,25.991071428571427,32.2,21.4,21.47083333333333,24.7,15.6,144.0,77.0952380952381,93.0,39.0,205.83333333333334,13.1,1.5482142857142858
956.4845238095238,1012.6011904761905,1013.3041666666667,1015.3,1010.0,26.054761904761904,32.3,20.1,20.235714285714284,23.1,12.8,46.0,71.70833333333333,92.0,44.0,172.42857142857142,10.7,1.4357142857142857
795.1767857142858,1009.4827380952381,1010.1988095238095,1022.8,999.3,24.783333333333335,32.3,16.3,19.241071428571427,23.6,9.1,40.6,72.33333333333333,91.0,42.0,195.10714285714286,15.2,1.2511904761904762
612.4398809523809,1013.6964285714286,1014.417261904762,1020.7,1005.6,23.817261904761907,32.4,19.0,20.22440476190476,22.9,15.5,73.6,81.05952380952381,92.0,48.0,183.0,9.0,0.9636904761904762
744.5541666666667,1014.1434523809525,1014.852380952381,1021.7,1006.5,25.22738095238095,31.6,18.8,20.445238095238096,23.6,16.3,4.4,75.64285714285714,91.0,48.0,183.08928571428572,8.9,1.1077380952380953
717.5136904761905,1012.3363095238095,1013.0363095238096,1017.9,1006.1,25.586904761904766,30.7,21.7,21.34583333333333,24.2,17.2,35.8,78.14880952380952,91.0,52.0,201.58333333333334,8.8,1.0029761904761905
912.3994047619047,1016.1779761904761,1016.882738095238,1018.5,1011.0,25.692261904761907,30.8,20.2,20.64047619047619,24.4,15.9,51.4,75.05357142857143,92.0,45.0,171.1547619047619,10.2,0.3351190476190476
771.8,1014.8499999999999,1015.5505952380952,1019.8,1009.0,25.919642857142858,33.9,21.8,20.9375,23.7,15.4,55.4,74.83928571428571,92.0,40.0,185.25,12.7,0.44761904761904764
848.5738095238095,1014.667261904762,1015.3875,1018.7,1011.1,23.96309523809524,31.0,17.7,17.52261904761905,22.5,8.6,13.4,68.38095238095238,90.0,42.0,198.53571428571428,14.2,1.6732142857142858
514.0946428571428,1016.7232142857143,1017.4821428571429,1020.5,1011.1,22.191071428571426,29.7,17.8,17.791071428571428,20.9,12.9,48.4,77.26785714285714,92.0,41.0,197.5297619047619,10.0,0.20535714285714285
592.7315476190475,1015.047619047619,1015.7886904761905,1020.9,1008.1,22.876190476190477,29.1,18.8,18.807738095238093,21.7,16.6,15.8,78.55357142857143,92.0,53.0,192.24404761904762,12.7,0.3821428571428572
573.85,1013.2761904761904,1014.0309523809525,1022.6,1001.8,20.236309523809524,26.5,11.3,14.951785714285714,21.7,4.1,30.0,73.7202380952381,92.0,27.0,221.61904761904762,14.1,0.5321428571428571
612.7928571428571,1017.2464285714285,1018.0041666666667,1023.0,1010.2,21.66904761904762,27.2,15.7,17.23035714285714,20.3,13.6,8.4,76.91071428571429,92.0,50.0,197.91071428571428,8.9,0.37976190476190474
509.77857142857147,1015.9988095238094,1016.7291666666666,1020.4,1012.6,23.39702380952381,29.1,17.4,19.558333333333334,22.1,15.5,33.400000000000006,79.79166666666667,92.0,48.0,210.63690476190476,8.4,0.2654761904761905
547.3714285714285,1017.8648809523809,1018.6386904761904,1021.1,1013.5,19.7,27.9,11.7,13.380357142857143,21.7,7.6,2.2,68.23214285714286,90.0,38.0,205.4047619047619,11.7,0.5339285714285714
589.6173652694611,1019.3389221556887,1020.1179640718564,1023.3,1014.7,18.942514970059882,26.3,12.0,13.320958083832334,17.1,6.9,0.2,71.7185628742515,92.0,30.0,213.37125748502993,9.5,0.9449101796407187
391.42857142857144,1018.6357142857142,1019.4011904761904,1022.2,1014.6,21.379166666666666,26.6,15.8,17.469047619047622,20.6,12.5,8.8,79.10714285714286,93.0,53.0,213.29761904761904,11.1,1.2738095238095237
470.48035714285714,1020.7261904761905,1021.5113095238095,1024.9,1015.8,18.59464285714286,26.8,12.5,14.098809523809523,17.9,8.2,1.0,76.69642857142857,94.0,32.0,218.88095238095238,9.2,0.6452380952380953
462.66526946107786,1017.2526946107785,1018.0227544910178,1023.0,1009.2,20.068263473053893,31.8,13.8,14.937724550898203,18.6,9.1,7.2,74.83832335329342,93.0,26.0,219.22155688622755,11.8,1.2113772455089822
280.9220238095238,1020.6577380952381,1021.452380952381,1027.9,1009.8,15.963095238095239,24.2,10.0,11.291666666666666,19.2,3.5,95.0,75.38095238095238,93.0,39.0,212.3452380952381,13.8,1.4494047619047619
401.8863095238095,1018.389880952381,1019.1744047619047,1027.7,1009.9,18.504761904761907,31.7,7.7,13.506547619047618,18.0,6.2,10.8,74.28571428571429,92.0,31.0,242.83333333333334,7.7,0.8892857142857143
427.71964285714284,1019.8357142857143,1020.6160714285714,1028.0,1012.4,19.345238095238095,30.4,12.7,13.819642857142856,18.3,7.2,0.2,72.19047619047619,93.0,30.0,215.08928571428572,12.8,0.6982142857142857
403.7327380952381,1017.9583333333334,1018.7464285714285,1025.1,1009.3,18.95714285714286,26.2,13.2,14.730952380952383,19.1,11.2,20.2,77.5297619047619,93.0,46.0,207.08928571428572,9.3,0.8327380952380953
338.19642857142856,1014.367261904762,1015.1505952380952,1023.1,996.4,17.570833333333333,24.2,10.3,13.011309523809524,19.1,5.1,78.2,76.33333333333333,93.0,33.0,207.42261904761904,16.5,0.7886904761904762
342.364880952381,1026.0410714285713,1026.8392857142858,1033.3,1018.7,17.317261904761907,24.5,12.0,13.12202380952381,18.2,6.0,5.0,76.7202380952381,92.0,56.0,224.71428571428572,11.5,0.6970238095238095
443.7017857142857,1021.0672619047618,1021.860119047619,1027.7,1012.8,18.125,26.3,9.0,13.956547619047617,18.5,5.6,3.0,77.45833333333333,93.0,46.0,204.04761904761904,11.9,1.7946428571428572
625.672619047619,1019.6226190476191,1020.4071428571428,1024.5,1014.1,19.120833333333334,27.3,11.8,15.025595238095239,18.5,10.4,0.6000000000000001,78.33333333333333,94.0,48.0,199.53571428571428,11.0,1.3035714285714286
254.2095238095238,1020.1386904761904,1020.9291666666667,1029.9,1010.6,18.157738095238095,28.7,13.0,14.10357142857143,19.8,3.2,49.2,78.28571428571429,93.0,42.0,191.64880952380952,17.3,0.7970238095238096
651.2469879518072,1015.1469879518072,1015.9180722891566,1025.6,1001.3,19.396385542168677,28.2,10.3,15.236746987951808,19.5,6.9,27.2,77.74096385542168,93.0,53.0,186.96987951807228,11.5,1.5319277108433735
555.072619047619,1012.460119047619,1013.2244047619048,1025.7,999.3,18.135119047619046,28.9,9.9,12.957142857142859,19.7,0.9,38.4,72.82738095238095,93.0,32.0,189.76785714285714,16.6,1.6011904761904763
537.0166666666667,1018.6517857142857,1019.4440476190476,1027.1,1009.1,17.47202380952381,25.2,8.0,13.567857142857143,19.6,3.8,20.8,78.80952380952381,93.0,42.0,202.7797619047619,8.8,0.6690476190476191
458.4797619047619,1018.2625,1019.0446428571429,1029.2,1004.2,19.652380952380952,25.2,12.0,16.14047619047619,20.9,9.8,10.4,80.54761904761905,93.0,56.0,180.10119047619048,12.0,1.5666666666666667
795.132142857143,1014.4619047619047,1015.2279761904762,1022.3,1004.9,20.15357142857143,31.8,9.8,14.736904761904762,20.0,2.2,0.6000000000000001,72.52380952380952,92.0,30.0,190.82738095238096,13.4,1.9148809523809522
666.2714285714286,1013.5535714285714,1014.2821428571428,1018.8,1006.5,22.779761904761905,28.5,18.2,18.968452380952378,22.2,17.0,18.6,79.83333333333333,93.0,52.0,186.76785714285714,14.0,1.0095238095238095
509.10138888888895,1015.4513888888889,1016.2381944444444,1023.1,1004.4,19.627083333333335,22.5,16.6,16.31527777777778,20.3,9.9,64.0,81.72916666666667,93.0,58.0,188.92361111111111,12.8,0.84375
250.9672619047619,1012.0797619047619,1012.867261904762,1018.2,1002.5,18.79345238095238,23.1,15.2,15.543452380952383,20.1,8.9,218.8,82.05952380952381,93.0,49.0,184.32738095238096,11.3,0.6529761904761905
492.44226190476195,1018.422619047619,1019.2125000000001,1025.9,1009.1,18.929166666666667,24.9,14.7,15.390476190476189,19.2,10.6,75.6,80.44047619047619,93.0,54.0,177.05357142857142,12.6,1.0541666666666667
432.0434523809524,1018.6613095238096,1019.45,1023.4,1007.0,19.753571428571426,26.7,15.7,15.754166666666666,19.0,11.6,33.199999999999996,78.25,93.0,57.0,188.02380952380952,11.7,0.4851190476190476
550.1946428571429,1009.5791666666667,1010.3178571428571,1017.8,1000.0,21.51607142857143,31.1,17.3,17.611904761904764,22.2,12.7,71.6,79.06547619047619,93.0,53.0,192.08333333333334,13.1,1.7553571428571426
665.777380952381,1011.3011904761905,1012.0470238095238,1018.7,1000.3,20.792261904761904,29.5,12.1,16.435714285714283,20.7,2.4,78.2,78.0297619047619,93.0,26.0,191.08333333333334,10.6,1.6011904761904763
886.2607142857142,1014.2214285714286,1014.9553571428571,1021.7,1003.5,22.575,30.8,15.0,17.19047619047619,22.2,11.3,8.2,72.5,90.0,48.0,180.75,12.2,0.9714285714285713
377.8529761904762,1008.3839285714286,1009.0886904761904,1016.8,1001.8,22.835714285714285,28.8,18.3,20.01964285714286,23.8,14.7,161.2,84.51190476190476,93.0,60.0,215.85119047619048,11.1,0.30238095238095236
990.5309523809525,1015.039880952381,1015.7750000000001,1023.3,1003.4,23.058928571428574,32.6,16.7,17.342261904761905,23.6,5.8,11.8,71.26785714285714,91.0,30.0,181.16071428571428,12.1,0.9928571428571429
699.004761904762,1011.9410714285715,1012.6577380952381,1019.2,1007.0,23.686309523809523,29.5,20.0,20.75,24.3,17.4,163.6,83.98809523809524,93.0,65.0,157.08928571428572,9.9,0.3625
542.8857142857144,1014.6196428571429,1015.3619047619047,1020.3,1005.9,23.336904761904762,33.9,18.7,19.78035714285714,24.1,13.3,31.2,81.14285714285714,92.0,47.0,194.55357142857142,13.8,0.769047619047619
1060.6095238095238,1013.4321428571429,1014.1488095238095,1019.5,1009.1,25.389285714285712,30.8,19.2,20.28452380952381,24.1,11.6,16.0,74.11309523809524,93.0,36.0,163.13690476190476,10.9,0.3952380952380953
956.8910714285715,1011.354761904762,1012.054761904762,1015.4,1007.2,26.6,32.7,21.0,20.80297619047619,23.7,17.0,14.0,71.29761904761905,89.0,44.0,145.63095238095238,12.5,0.506547619047619
1040.8238095238096,1012.6208333333333,1013.3333333333334,1018.4,1004.0,25.22738095238095,34.0,19.3,17.811904761904763,24.3,12.9,0.0,64.33928571428571,87.0,37.0,186.11904761904762,13.0,1.0672619047619047
735.0630952380952,1013.6351190476191,1014.3470238095238,1017.7,1008.0,23.64464285714286,29.8,20.2,20.132738095238096,22.9,17.2,133.6,81.24404761904762,92.0,61.0,189.07142857142858,10.4,0.25297619047619047
930.1958333333333,1011.5875000000001,1012.2934523809523,1017.6,1004.9,26.201190476190476,34.7,21.3,21.34583333333333,26.2,16.3,26.2,75.38690476190476,89.0,43.0,189.63690476190476,14.5,0.8672619047619047
771.2744047619047,1010.4541666666667,1011.1541666666666,1015.8,1005.0,26.104761904761908,33.7,22.4,22.439880952380953,25.9,18.3,75.2,80.83333333333333,92.0,56.0,185.97619047619048,11.5,0.4333333333333333
578.4833333333333,1016.2809523809525,1017.0267857142857,1019.7,1012.0,22.448214285714286,28.6,18.9,18.344047619047622,21.4,15.2,61.6,78.21428571428571,92.0,52.0,175.9047619047619,11.7,0.5488095238095239
1055.882142857143,1014.695238095238,1015.4113095238096,1020.3,1010.1,25.288690476190474,33.3,18.6,19.998809523809523,24.1,16.9,5.0,73.48214285714286,92.0,50.0,179.85714285714286,9.1,0.35535714285714287
1021.6964285714286,1014.6720238095238,1015.3720238095239,1017.7,1010.4,28.007738095238096,33.0,23.4,22.667261904761904,24.4,19.9,12.6,73.57142857142857,90.0,48.0,151.13690476190476,10.6,0.4625
676.2110344827587,1014.1110344827587,1014.8227586206896,1019.9,1008.2,25.811034482758622,34.5,20.8,21.23793103448276,25.2,16.4,37.8,76.61379310344827,91.0,48.0,185.89655172413794,12.0,0.7731034482758621
894.6411392405063,1011.5291139240506,1012.2291139240507,1021.8,1006.6,26.39746835443038,33.5,21.5,21.469620253164557,24.8,16.2,5.2,75.22151898734177,91.0,47.0,172.01898734177215,9.2,0.4126582278481013
922.5656934306569,1012.8262773722629,1013.5262773722628,1020.6,1006.6,26.892700729927007,32.1,22.9,22.192700729927008,24.9,19.1,31.599999999999998,76.12408759124088,91.0,55.0,164.04379562043795,9.7,0.32043795620437954
694.4477064220184,1014.0678899082568,1014.7788990825687,1019.6,1009.2,24.53211009174312,29.6,20.0,20.53302752293578,23.8,14.9,20.6,79.10091743119266,92.0,50.0,170.5137614678899,12.7,1.1091743119266053
1296.4263157894738,1013.4271929824561,1014.1350877192982,1019.2,1003.7,26.84122807017544,33.0,20.3,20.55526315789474,25.1,14.5,6.4,69.30701754385964,90.0,49.0,121.48245614035088,10.5,0.6394736842105264
1793.2519230769233,1012.0269230769231,1012.7307692307693,1024.5,1001.7,27.601923076923075,35.1,22.2,20.751923076923074,24.8,13.9,3.4,66.76923076923077,88.0,47.0,124.6923076923077,11.6,1.1596153846153845
1711.392405063291,1015.626582278481,1016.326582278481,1019.7,1011.4,26.974683544303797,31.6,23.0,18.717721518987343,22.5,14.2,0.0,61.21518987341772,78.0,41.0,128.0379746835443,10.1,0.5683544303797469
1170.3015384615385,1014.2400000000001,1014.943076923077,1020.9,1009.7,26.42615384615385,31.1,21.3,20.11230769230769,23.3,14.5,0.0,68.61538461538461,83.0,49.0,118.0,11.1,0.8753846153846153
1166.4071428571428,1013.6428571428571,1014.3428571428572,1017.9,1010.9,26.04047619047619,28.8,23.5,21.188095238095237,22.7,18.0,1.4,74.92857142857143,89.0,61.0,116.38095238095238,8.1,0.4095238095238095
1780.964,1016.8839999999999,1017.592,1021.0,1012.3,24.965999999999998,27.8,18.2,14.948,23.4,7.2,0.2,55.36,90.0,30.0,137.92,9.4,0.462
1596.0214285714285,1012.945238095238,1013.6547619047619,1020.6,1006.4,25.242857142857144,28.5,18.4,19.938095238095237,22.1,16.3,3.0,72.95238095238095,89.0,56.0,145.04761904761904,11.1,0.6928571428571428
1365.0510204081634,1012.8448979591838,1013.5448979591836,1017.8,1006.6,25.381632653061224,30.0,21.3,20.544897959183675,23.3,15.9,0.0,75.12244897959184,92.0,44.0,133.81632653061226,8.2,0.15510204081632653
1523.6153846153845,1009.876923076923,1010.5769230769231,1015.0,1006.0,27.35641025641026,33.4,21.5,21.1974358974359,22.9,17.4,0.0,69.94871794871794,90.0,42.0,139.17948717948718,8.1,0.40512820512820513
1486.1,1016.9777777777776,1017.7555555555555,1021.5,1009.2,19.266666666666666,22.9,16.0,10.433333333333334,20.3,5.3,0.4,58.44444444444444,86.0,39.0,130.66666666666666,9.7,1.1222222222222222
1617.5181818181818,1017.4969696969697,1018.2454545454545,1023.2,1008.5,22.015151515151516,25.9,13.9,15.433333333333334,20.2,9.8,0.2,66.72727272727273,93.0,47.0,105.87878787878788,10.6,0.5757575757575758
1716.1541666666665,1019.5333333333333,1020.3208333333333,1025.4,1013.2,20.316666666666666,24.5,16.3,10.008333333333333,17.1,3.8,0.0,52.208333333333336,73.0,37.0,158.41666666666666,12.5,1.2125000000000001
1387.6261904761905,1019.0833333333334,1019.8452380952381,1023.2,1012.3,21.697619047619046,26.6,17.2,16.133333333333333,17.9,13.0,0.2,71.19047619047619,94.0,54.0,121.52380952380952,14.6,0.9142857142857143
1459.5279069767441,1015.7418604651164,1016.4558139534884,1021.8,1012.1,25.36046511627907,32.6,19.9,17.42325581395349,19.7,12.8,0.0,64.0,92.0,30.0,134.4418604651163,9.1,0.22558139534883723
421.2955357142857,1014.7357142857143,1015.5017857142857,1020.3,1007.2,21.258928571428573,30.6,17.2,17.517857142857142,19.9,14.8,1.4000000000000001,80.25,93.0,40.0,218.22321428571428,10.8,0.19464285714285715
377.8452380952381,1016.1720238095238,1016.9607142857143,1024.7,1008.2,16.057142857142857,24.6,7.4,11.366666666666665,19.8,1.8,84.6,74.76190476190476,93.0,41.0,190.53571428571428,11.9,0.7583333333333334
336.1730538922156,1019.5838323353294,1020.3814371257486,1026.9,1011.8,14.738323353293413,24.5,6.4,11.220359281437126,16.2,3.6,88.8,80.54491017964072,94.0,37.0,200.83832335329342,12.7,0.48323353293413174
154.73291925465838,1022.0906832298137,1022.8906832298136,1029.4,1013.9,13.903105590062113,16.7,11.8,11.752795031055902,14.9,8.7,111.8,87.09316770186335,94.0,69.0,174.96273291925465,10.9,1.0826086956521739
484.1547619047619,1024.8636904761904,1025.6636904761904,1029.6,1018.4,16.652380952380952,22.9,11.0,13.907142857142858,17.4,10.0,6.6000000000000005,84.54761904761905,95.0,50.0,184.48214285714286,10.3,1.4404761904761905
529.527380952381,1020.4607142857143,1021.257142857143,1025.1,1015.1,17.711904761904762,24.4,11.8,14.745833333333334,18.1,10.7,0.2,83.66071428571429,95.0,45.0,227.89285714285714,8.3,1.4011904761904763
395.5892857142857,1022.952380952381,1023.7523809523809,1030.3,1015.9,18.476190476190474,22.7,14.2,14.816071428571428,18.2,7.3,11.6,79.83928571428571,94.0,54.0,204.5297619047619,15.0,1.8178571428571426
462.6279761904762,1016.8440476190475,1017.6386904761904,1021.6,1008.8,17.332738095238096,24.3,8.7,13.436309523809525,18.3,2.7,2.8000000000000003,79.05952380952381,94.0,39.0,174.08333333333334,12.0,1.7928571428571427
635.7144578313254,1019.3168674698795,1020.1138554216867,1028.4,1012.8,15.11987951807229,22.8,5.5,10.431325301204819,16.9,-1.8,0.0,75.644578313253,95.0,28.0,221.53012048192772,10.1,1.6487951807228916
413.471686746988,1018.0512048192771,1018.8451807228915,1026.5,1008.3,17.70963855421687,22.9,7.5,14.281325301204818,18.4,2.1,15.0,80.98192771084338,95.0,40.0,188.77710843373495,14.2,2.221686746987952
641.214371257485,1022.922754491018,1023.7179640718563,1028.5,1012.3,16.724550898203592,24.0,6.1,11.804191616766467,17.5,1.0,0.0,73.95808383233533,92.0,32.0,193.5748502994012,11.3,1.5479041916167664
568.1589285714285,1017.1255952380952,1017.9130952380953,1023.0,1010.9,18.40059523809524,23.8,9.1,14.270238095238096,18.3,6.8,11.0,77.60714285714286,93.0,46.0,210.11309523809524,11.2,2.0958333333333337
387.59940476190474,1014.8773809523809,1015.6440476190477,1024.8,1007.6,20.385714285714286,27.0,15.7,17.225,20.0,8.4,29.0,82.58928571428571,94.0,53.0,192.13690476190476,14.9,1.9535714285714285
597.1607142857143,1018.522619047619,1019.3125,1025.9,1009.8,19.455357142857142,25.1,13.2,16.07857142857143,19.5,11.4,41.800000000000004,81.52380952380952,93.0,49.0,195.30357142857142,9.6,1.556547619047619
779.6946428571429,1015.0494047619047,1015.7934523809523,1022.0,1008.9,21.41488095238095,25.9,13.8,16.85535714285714,20.2,9.3,3.0,76.25595238095238,91.0,39.0,169.16071428571428,14.3,2.063690476190476
655.0833333333334,1016.8470238095238,1017.6059523809523,1024.5,1006.2,20.58511904761905,28.8,14.1,15.174404761904762,20.7,8.1,9.200000000000001,72.0952380952381,92.0,38.0,189.28571428571428,12.9,2.211904761904762
530.0505952380952,1016.1422619047619,1016.9089285714286,1026.8,1005.0,20.547619047619047,25.4,15.8,17.09940476190476,20.2,10.9,6.0,81.77380952380952,93.0,42.0,145.8095238095238,13.4,1.782142857142857
664.9053571428572,1017.4369047619048,1018.210119047619,1027.8,1012.6,21.32857142857143,27.0,17.2,16.853571428571428,19.0,13.6,9.2,76.19642857142857,92.0,55.0,161.88095238095238,11.7,1.6976190476190476
929.1827380952382,1012.3113095238094,1013.0363095238096,1023.2,997.1,23.42202380952381,30.3,18.2,18.19404761904762,23.5,11.1,14.799999999999999,73.35714285714286,92.0,33.0,177.54166666666666,15.0,2.1482142857142854
730.2577380952381,1017.1232142857143,1017.8535714285714,1022.6,1013.9,23.217261904761905,26.8,17.6,18.77559523809524,22.2,13.4,61.4,76.7202380952381,92.0,49.0,130.05357142857142,10.9,1.7815476190476192
665.4178571428571,1012.3077380952382,1013.0214285714286,1016.9,1003.5,23.164285714285715,27.0,15.1,19.017857142857142,23.3,12.4,127.0,78.35119047619048,92.0,48.0,133.92261904761904,13.0,1.8494047619047618
949.0029761904761,1013.7934523809523,1014.5291666666666,1018.5,1004.3,22.48095238095238,30.4,14.1,16.173214285714284,22.1,7.7,20.6,69.02380952380952,93.0,31.0,162.625,13.1,2.075595238095238
504.62380952380954,1016.7053571428571,1017.4625000000001,1020.9,1009.5,21.654761904761905,28.5,18.5,18.694642857142856,21.8,14.0,103.4,83.91666666666667,93.0,52.0,166.63095238095238,18.0,1.830952380952381
707.8255952380953,1011.6416666666667,1012.3494047619048,1020.4,1004.0,24.12202380952381,30.1,18.5,20.007738095238096,22.6,16.9,19.6,78.33333333333333,92.0,57.0,176.11309523809524,13.8,1.9934523809523808
595.6345238095239,1011.2095238095238,1011.9398809523809,1018.0,1003.9,22.81547619047619,30.4,18.8,18.46785714285714,24.8,12.4,25.8,77.11309523809524,91.0,50.0,187.22619047619048,12.8,2.1869047619047617
972.8964285714286,1011.3928571428571,1012.132738095238,1017.4,1000.0,22.55297619047619,32.9,17.3,18.21964285714286,22.3,10.9,115.0,78.19642857142857,93.0,26.0,161.7797619047619,12.3,2.026190476190476
997.1660714285714,1012.1059523809523,1012.8226190476191,1018.3,1003.2,24.03214285714286,31.0,17.5,18.773214285714285,22.8,12.2,38.6,73.54166666666667,93.0,37.0,176.04761904761904,15.5,2.3410714285714285
779.442261904762,1013.1779761904761,1013.9000000000001,1018.9,1007.5,23.18095238095238,29.4,18.5,18.623214285714283,21.7,12.9,9.4,76.2797619047619,91.0,39.0,159.57142857142858,11.5,1.9095238095238096
947.0220238095238,1010.3994047619047,1011.1017857142857,1015.4,1004.0,24.81547619047619,34.5,20.2,20.163690476190474,23.0,15.9,30.4,76.10714285714286,92.0,40.0,155.60714285714286,12.7,2.0625
620.0416666666666,1012.6767857142858,1013.389880952381,1014.8,1010.2,23.179166666666667,27.9,19.7,17.982142857142858,21.1,13.7,12.6,73.43452380952381,90.0,51.0,189.49404761904762,7.5,1.4535714285714285
871.2386904761905,1011.8005952380952,1012.5101190476191,1015.6,1006.3,24.85,32.4,18.3,20.553571428571427,25.3,14.6,319.0,78.3452380952381,93.0,48.0,154.01190476190476,12.9,1.493452380952381
914.3482142857143,1011.1904761904761,1011.8904761904762,1016.8,1001.6,26.767857142857142,34.5,21.7,22.020238095238096,25.0,17.0,77.6,76.54761904761905,93.0,43.0,192.8095238095238,11.2,1.588690476190476
676.3196428571429,1010.764880952381,1011.464880952381,1015.3,1006.5,25.44107142857143,30.1,21.2,21.24047619047619,23.6,16.7,24.8,78.27380952380952,92.0,46.0,186.70833333333334,9.0,1.3470238095238096
900.6857142857143,1011.8696428571429,1012.5708333333333,1019.3,1006.8,26.882142857142856,33.8,20.8,21.757142857142856,24.5,17.5,12.6,74.55357142857143,92.0,47.0,183.16071428571428,11.1,1.9214285714285715
1010.2434523809524,1011.6613095238096,1012.3613095238096,1015.7,1005.9,27.351785714285718,33.3,22.7,22.782738095238095,25.6,19.1,30.4,77.03571428571429,92.0,44.0,186.41071428571428,14.8,2.013095238095238
640.1375,1014.5089285714286,1015.2089285714286,1019.2,1007.1,25.719642857142855,38.0,21.6,21.77261904761905,25.4,17.8,53.2,79.75595238095238,92.0,32.0,188.3154761904762,13.6,1.5696428571428571
1085.9238095238095,1015.4702380952381,1016.1702380952381,1017.9,1012.3,28.018452380952382,32.4,22.3,22.950595238095236,24.6,20.5,0.0,74.61904761904762,90.0,56.0,157.30357142857142,10.8,2.1297619047619047
1028.085119047619,1017.4440476190476,1018.1440476190477,1022.1,1010.5,27.20357142857143,31.5,23.2,21.90952380952381,23.9,18.7,18.0,73.73214285714286,92.0,49.0,178.20833333333334,12.3,1.9464285714285714
659.2916666666666,1015.9321428571429,1016.652380952381,1020.3,1012.6,23.34107142857143,28.2,16.6,18.933333333333334,23.2,14.4,35.0,76.9702380952381,93.0,54.0,196.41666666666666,11.8,1.7595238095238097
877.4732142857143,1016.3613095238096,1017.0857142857143,1020.0,1010.5,24.298809523809524,30.0,17.7,19.136309523809523,23.3,14.3,5.8,74.00595238095238,92.0,47.0,183.67261904761904,11.5,1.6916666666666667
752.5821428571429,1013.972619047619,1014.672619047619,1018.0,1009.7,25.69345238095238,31.4,21.7,21.0,23.4,15.6,4.0,76.07738095238095,92.0,43.0,189.58333333333334,10.6,1.5577380952380953
695.2178571428572,1017.8755952380952,1018.610119047619,1028.9,1008.9,23.807142857142857,31.4,15.9,18.59702380952381,23.6,7.6,17.6,73.47619047619048,91.0,46.0,191.08928571428572,15.8,2.1922619047619047
406.0166666666667,1016.632738095238,1017.3875,1026.5,1012.4,21.88154761904762,27.0,18.7,19.182738095238093,22.3,15.7,147.0,85.11309523809524,93.0,58.0,205.75,9.7,1.2267857142857141
632.8595238095238,1015.2166666666666,1015.9559523809525,1019.0,1011.5,22.738095238095237,29.0,17.9,17.406547619047622,22.1,11.3,0.0,72.81547619047619,91.0,45.0,183.6845238095238,12.0,1.8827380952380952
574.5291666666666,1013.9636904761904,1014.7184523809525,1019.1,1008.4,21.21607142857143,28.2,13.7,16.517261904761906,20.5,10.5,0.0,75.60714285714286,92.0,48.0,211.96428571428572,8.9,1.1595238095238096
657.7892857142857,1017.3589285714285,1018.1208333333333,1021.4,1008.7,20.40833333333333,26.7,13.8,14.857142857142858,20.4,7.6,2.6,71.89285714285714,93.0,38.0,203.10714285714286,12.9,1.493452380952381
563.2934523809524,1016.8696428571429,1017.6226190476191,1026.6,1005.6,22.005357142857143,30.3,14.2,17.69702380952381,21.6,8.6,27.4,77.75,94.0,44.0,200.58333333333334,14.9,1.7416666666666667
495.14473684210526,1024.0701754385964,1024.8578947368421,1028.5,1020.1,20.173684210526318,26.1,14.6,16.42280701754386,19.4,10.3,14.0,80.0,93.0,54.0,213.17543859649123,8.4,1.0447368421052632
